level,n,char
1,1,爱
1,2,八
1,3,爸
1,4,吧
1,5,白
1,6,百
1,7,班
1,8,半
1,9,包
1,10,杯
1,11,本
1,12,边
1,13,便
1,14,病
1,15,不
1,16,菜
1,17,茶
1,18,常
1,19,唱
1,20,超
1,21,车
1,22,吃
1,23,出
1,24,穿
1,25,床
1,26,打
1,27,大
1,28,蛋
1,29,到
1,30,道
1,31,得
1,32,的
1,33,弟
1,34,第
1,35,点
1,36,电
1,37,东
1,38,都
1,39,读
1,40,对
1,41,多
1,42,儿
1,43,二
1,44,饭
1,45,房
1,46,飞
1,47,非
1,48,分
1,49,服
1,50,高
1,51,哥
1,52,歌
1,53,个
1,54,给
1,55,工
1,56,公
1,57,狗
1,58,关
1,59,贵
1,60,国
1,61,果
1,62,还
1,63,孩
1,64,汉
1,65,好
1,66,号
1,67,喝
1,68,和
1,69,很
1,70,后
1,71,候
1,72,话
1,73,欢
1,74,回
1,75,会
1,76,火
1,77,机
1,78,鸡
1,79,几
1,80,家
1,81,间
1,82,见
1,83,件
1,84,叫
1,85,姐
1,86,今
1,87,九
1,88,觉
1,89,开
1,90,看
1,91,可
1,92,客
1,93,课
1,94,口
1,95,块
1,96,来
1,97,老
1,98,了
1,99,冷
1,100,里
1,101,两
1,102,亮
1,103,零
1,104,六
1,105,妈
1,106,吗
1,107,买
1,108,卖
1,109,忙
1,110,猫
1,111,么
1,112,没
1,113,妹
1,114,们
1,115,米
1,116,面
1,117,名
1,118,明
1,119,哪
1,120,那
1,121,奶
1,122,男
1,123,脑
1,124,呢
1,125,能
1,126,你
1,127,年
1,128,您
1,129,牛
1,130,女
1,131,朋
1,132,漂
1,133,苹
1,134,七
1,135,期
1,136,起
1,137,气
1,138,千
1,139,前
1,140,钱
1,141,请
1,142,去
1,143,热
1,144,人
1,145,认
1,146,日
1,147,三
1,148,商
1,149,上
1,150,少
1,151,谁
1,152,什
1,153,生
1,154,师
1,155,十
1,156,时
1,157,识
1,158,士
1,159,市
1,160,事
1,161,视
1,162,是
1,163,手
1,164,书
1,165,水
1,166,睡
1,167,说
1,168,司
1,169,四
1,170,岁
1,171,他
1,172,它
1,173,她
1,174,太
1,175,题
1,176,天
1,177,条
1,178,听
1,179,同
1,180,外
1,181,玩
1,182,晚
1,183,喂
1,184,文
1,185,问
1,186,我
1,187,五
1,188,午
1,189,西
1,190,息
1,191,习
1,192,喜
1,193,系
1,194,下
1,195,先
1,196,现
1,197,想
1,198,小
1,199,校
1,200,些
1,201,写
1,202,谢
1,203,新
1,204,星
1,205,兴
1,206,休
1,207,学
1,208,雪
1,209,样
1,210,要
1,211,也
1,212,一
1,213,衣
1,214,医
1,215,宜
1,216,以
1,217,椅
1,218,影
1,219,友
1,220,有
1,221,雨
1,222,语
1,223,元
1,224,院
1,225,月
1,226,再
1,227,在
1,228,早
1,229,怎
1,230,找
1,231,这
1,232,真
1,233,正
1,234,知
1,235,只
1,236,中
1,237,钟
1,238,住
1,239,桌
1,240,子
1,241,字
1,242,租
1,243,昨
1,244,作
1,245,坐
1,246,做
2,1,啊
2,2,帮
2,3,备
2,4,比
2,5,笔
2,6,表
2,7,别
2,8,步
2,9,场
2,10,词
2,11,次
2,12,从
2,13,错
2,14,但
2,15,地
2,16,等
2,17,店
2,18,懂
2,19,动
2,20,啡
2,21,夫
2,22,告
2,23,跟
2,24,馆
2,25,过
2,26,黑
2,27,红
2,28,花
2,29,画
2,30,坏
2,31,己
2,32,记
2,33,交
2,34,教
2,35,介
2,36,进
2,37,近
2,38,经
2,39,睛
2,40,酒
2,41,就
2,42,咖
2,43,考
2,44,裤
2,45,快
2,46,篮
2,47,乐
2,48,累
2,49,离
2,50,留
2,51,楼
2,52,路
2,53,旅
2,54,绿
2,55,慢
2,56,每
2,57,门
2,58,拿
2,59,鸟
2,60,旁
2,61,跑
2,62,票
2,63,妻
2,64,情
2,65,晴
2,66,球
2,67,然
2,68,让
2,69,肉
2,70,色
2,71,绍
2,72,身
2,73,始
2,74,试
2,75,室
2,76,舒
2,77,思
2,78,送
2,79,诉
2,80,虽
2,81,所
2,82,疼
2,83,踢
2,84,体
2,85,跳
2,86,铁
2,87,头
2,88,完
2,89,万
2,90,网
2,91,往
2,92,忘
2,93,望
2,94,为
2,95,位
2,96,舞
2,97,希
2,98,洗
2,99,笑
2,100,姓
2,101,颜
2,102,眼
2,103,药
2,104,爷
2,105,已
2,106,意
2,107,因
2,108,阴
2,109,泳
2,110,游
2,111,右
2,112,鱼
2,113,远
2,114,运
2,115,站
2,116,长
2,117,丈
2,118,周
2,119,着
2,120,准
2,121,自
2,122,走
2,123,足
2,124,最
2,125,左
3,1,阿
3,2,矮
3,3,安
3,4,把
3,5,般
3,6,搬
3,7,板
3,8,办
3,9,饱
3,10,报
3,11,北
3,12,被
3,13,必
3,14,变
3,15,遍
3,16,宾
3,17,冰
3,18,才
3,19,参
3,20,草
3,21,层
3,22,查
3,23,差
3,24,尝
3,25,衬
3,26,成
3,27,城
3,28,迟
3,29,持
3,30,初
3,31,除
3,32,楚
3,33,处
3,34,船
3,35,春
3,36,聪
3,37,答
3,38,带
3,39,担
3,40,单
3,41,当
3,42,灯
3,43,典
3,44,调
3,45,定
3,46,丢
3,47,冬
3,48,短
3,49,段
3,50,锻
3,51,朵
3,52,饿
3,53,而
3,54,耳
3,55,发
3,56,法
3,57,方
3,58,放
3,59,风
3,60,封
3,61,附
3,62,复
3,63,该
3,64,概
3,65,感
3,66,干
3,67,刚
3,68,糕
3,69,根
3,70,更
3,71,共
3,72,故
3,73,顾
3,74,瓜
3,75,刮
3,76,怪
3,77,惯
3,78,海
3,79,害
3,80,合
3,81,河
3,82,乎
3,83,护
3,84,化
3,85,环
3,86,换
3,87,黄
3,88,婚
3,89,活
3,90,或
3,91,激
3,92,级
3,93,极
3,94,急
3,95,季
3,96,绩
3,97,加
3,98,假
3,99,坚
3,100,检
3,101,简
3,102,健
3,103,讲
3,104,蕉
3,105,角
3,106,饺
3,107,脚
3,108,较
3,109,接
3,110,街
3,111,节
3,112,结
3,113,解
3,114,界
3,115,借
3,116,斤
3,117,净
3,118,静
3,119,境
3,120,久
3,121,旧
3,122,居
3,123,句
3,124,据
3,125,决
3,126,卡
3,127,康
3,128,渴
3,129,刻
3,130,空
3,131,哭
3,132,筷
3,133,矿
3,134,蓝
3,135,礼
3,136,李
3,137,理
3,138,力
3,139,历
3,140,脸
3,141,练
3,142,炼
3,143,凉
3,144,辆
3,145,聊
3,146,料
3,147,邻
3,148,凌
3,149,马
3,150,码
3,151,满
3,152,毛
3,153,冒
3,154,末
3,155,目
3,156,南
3,157,难
3,158,努
3,159,爬
3,160,怕
3,161,拍
3,162,盘
3,163,胖
3,164,啤
3,165,片
3,166,平
3,167,瓶
3,168,其
3,169,奇
3,170,骑
3,171,汽
3,172,铅
3,173,且
3,174,轻
3,175,清
3,176,秋
3,177,求
3,178,区
3,179,趣
3,180,全
3,181,泉
3,182,裙
3,183,容
3,184,如
3,185,赛
3,186,伞
3,187,扫
3,188,沙
3,189,山
3,190,衫
3,191,烧
3,192,勺
3,193,声
3,194,实
3,195,史
3,196,世
3,197,适
3,198,收
3,199,受
3,200,瘦
3,201,叔
3,202,束
3,203,树
3,204,数
3,205,刷
3,206,双
3,207,算
3,208,糖
3,209,特
3,210,梯
3,211,提
3,212,甜
3,213,挺
3,214,突
3,215,图
3,216,腿
3,217,碗
3,218,卫
3,219,闻
3,220,屋
3,221,务
3,222,物
3,223,戏
3,224,夏
3,225,鲜
3,226,相
3,227,香
3,228,箱
3,229,响
3,230,向
3,231,像
3,232,鞋
3,233,心
3,234,信
3,235,行
3,236,熊
3,237,须
3,238,需
3,239,选
3,240,牙
3,241,言
3,242,演
3,243,羊
3,244,阳
3,245,养
3,246,业
3,247,页
3,248,姨
3,249,议
3,250,易
3,251,音
3,252,银
3,253,饮
3,254,应
3,255,迎
3,256,用
3,257,邮
3,258,又
3,259,于
3,260,羽
3,261,育
3,262,遇
3,263,园
3,264,员
3,265,愿
3,266,越
3,267,咱
3,268,脏
3,269,澡
3,270,择
3,271,展
3,272,张
3,273,照
3,274,者
3,275,直
3,276,纸
3,277,终
3,278,种
3,279,重
3,280,主
3,281,助
3,282,注
3,283,总
3,284,嘴
4,1,按
4,2,案
4,3,傲
4,4,巴
4,5,败
4,6,棒
4,7,保
4,8,抱
4,9,背
4,10,倍
4,11,笨
4,12,鼻
4,13,毕
4,14,标
4,15,饼
4,16,并
4,17,播
4,18,博
4,19,膊
4,20,部
4,21,擦
4,22,猜
4,23,材
4,24,彩
4,25,餐
4,26,操
4,27,厕
4,28,察
4,29,产
4,30,厂
4,31,晨
4,32,诚
4,33,乘
4,34,程
4,35,厨
4,36,础
4,37,窗
4,38,吹
4,39,此
4,40,粗
4,41,村
4,42,存
4,43,达
4,44,待
4,45,袋
4,46,戴
4,47,弹
4,48,刀
4,49,导
4,50,倒
4,51,登
4,52,低
4,53,底
4,54,递
4,55,掉
4,56,订
4,57,堵
4,58,肚
4,59,度
4,60,断
4,61,队
4,62,顿
4,63,尔
4,64,翻
4,65,烦
4,66,反
4,67,费
4,68,份
4,69,奋
4,70,丰
4,71,否
4,72,肤
4,73,符
4,74,幅
4,75,福
4,76,父
4,77,付
4,78,负
4,79,傅
4,80,富
4,81,改
4,82,赶
4,83,敢
4,84,钢
4,85,膏
4,86,胳
4,87,格
4,88,各
4,89,功
4,90,供
4,91,购
4,92,够
4,93,估
4,94,姑
4,95,鼓
4,96,挂
4,97,观
4,98,管
4,99,光
4,100,广
4,101,逛
4,102,规
4,103,咳
4,104,寒
4,105,喊
4,106,汗
4,107,航
4,108,何
4,109,盒
4,110,贺
4,111,厚
4,112,呼
4,113,忽
4,114,虎
4,115,互
4,116,户
4,117,划
4,118,怀
4,119,悔
4,120,伙
4,121,货
4,122,获
4,123,圾
4,124,积
4,125,基
4,126,及
4,127,即
4,128,籍
4,129,计
4,130,纪
4,131,技
4,132,际
4,133,济
4,134,既
4,135,继
4,136,寄
4,137,价
4,138,减
4,139,建
4,140,键
4,141,江
4,142,将
4,143,奖
4,144,降
4,145,郊
4,146,骄
4,147,巾
4,148,金
4,149,仅
4,150,尽
4,151,紧
4,152,禁
4,153,京
4,154,惊
4,155,精
4,156,景
4,157,警
4,158,竞
4,159,竟
4,160,镜
4,161,究
4,162,举
4,163,拒
4,164,具
4,165,剧
4,166,距
4,167,聚
4,168,绝
4,169,烤
4,170,科
4,171,棵
4,172,克
4,173,肯
4,174,恐
4,175,苦
4,176,况
4,177,困
4,178,垃
4,179,拉
4,180,辣
4,181,懒
4,182,浪
4,183,厉
4,184,丽
4,185,励
4,186,利
4,187,例
4,188,俩
4,189,连
4,190,联
4,191,谅
4,192,量
4,193,列
4,194,林
4,195,龄
4,196,另
4,197,流
4,198,乱
4,199,论
4,200,落
4,201,律
4,202,虑
4,203,麻
4,204,馒
4,205,漫
4,206,帽
4,207,貌
4,208,美
4,209,梦
4,210,迷
4,211,密
4,212,免
4,213,秒
4,214,民
4,215,命
4,216,默
4,217,母
4,218,慕
4,219,耐
4,220,恼
4,221,闹
4,222,内
4,223,嗯
4,224,娘
4,225,农
4,226,弄
4,227,暖
4,228,偶
4,229,排
4,230,牌
4,231,判
4,232,乓
4,233,陪
4,234,批
4,235,皮
4,236,脾
4,237,篇
4,238,频
4,239,品
4,240,聘
4,241,乒
4,242,评
4,243,泼
4,244,破
4,245,葡
4,246,普
4,247,戚
4,248,弃
4,249,签
4,250,歉
4,251,强
4,252,敲
4,253,桥
4,254,巧
4,255,切
4,256,亲
4,257,琴
4,258,青
4,259,庆
4,260,取
4,261,缺
4,262,却
4,263,确
4,264,染
4,265,扰
4,266,任
4,267,扔
4,268,仍
4,269,入
4,270,散
4,271,森
4,272,伤
4,273,稍
4,274,社
4,275,摄
4,276,申
4,277,深
4,278,甚
4,279,省
4,280,剩
4,281,失
4,282,拾
4,283,食
4,284,使
4,285,氏
4,286,示
4,287,式
4,288,柿
4,289,释
4,290,匙
4,291,首
4,292,授
4,293,售
4,294,输
4,295,熟
4,296,暑
4,297,术
4,298,帅
4,299,顺
4,300,硕
4,301,死
4,302,松
4,303,嗽
4,304,速
4,305,塑
4,306,酸
4,307,随
4,308,孙
4,309,台
4,310,抬
4,311,态
4,312,谈
4,313,汤
4,314,躺
4,315,趟
4,316,萄
4,317,讨
4,318,套
4,319,堂
4,320,填
4,321,厅
4,322,庭
4,323,停
4,324,通
4,325,童
4,326,桶
4,327,痛
4,328,土
4,329,推
4,330,脱
4,331,袜
4,332,危
4,333,微
4,334,围
4,335,味
4,336,温
4,337,污
4,338,无
4,339,误
4,340,吸
4,341,悉
4,342,惜
4,343,细
4,344,咸
4,345,险
4,346,线
4,347,羡
4,348,乡
4,349,详
4,350,项
4,351,象
4,352,消
4,353,效
4,354,辛
4,355,醒
4,356,幸
4,357,性
4,358,兄
4,359,修
4,360,羞
4,361,秀
4,362,许
4,363,序
4,364,续
4,365,血
4,366,压
4,367,亚
4,368,烟
4,369,严
4,370,研
4,371,盐
4,372,厌
4,373,验
4,374,扬
4,375,洋
4,376,邀
4,377,钥
4,378,叶
4,379,夜
4,380,疑
4,381,艺
4,382,忆
4,383,译
4,384,谊
4,385,引
4,386,印
4,387,赢
4,388,永
4,389,勇
4,390,优
4,391,幽
4,392,尤
4,393,由
4,394,油
4,395,愉
4,396,与
4,397,预
4,398,原
4,399,约
4,400,阅
4,401,云
4,402,允
4,403,杂
4,404,仔
4,405,暂
4,406,则
4,407,责
4,408,增
4,409,章
4,410,账
4,411,招
4,412,折
4,413,针
4,414,争
4,415,整
4,416,证
4,417,之
4,418,支
4,419,汁
4,420,值
4,421,职
4,422,植
4,423,止
4,424,址
4,425,指
4,426,至
4,427,志
4,428,质
4,429,众
4,430,洲
4,431,祝
4,432,著
4,433,专
4,434,转
4,435,赚
4,436,装
4,437,资
4,438,族
4,439,组
4,440,尊
4,441,座
5,1,哎
5,2,唉
5,3,暗
5,4,熬
5,5,版
5,6,扮
5,7,伴
5,8,膀
5,9,傍
5,10,薄
5,11,宝
5,12,暴
5,13,贝
5,14,彼
5,15,币
5,16,闭
5,17,避
5,18,拨
5,19,玻
5,20,补
5,21,布
5,22,裁
5,23,采
5,24,藏
5,25,册
5,26,测
5,27,曾
5,28,叉
5,29,插
5,30,拆
5,31,倡
5,32,朝
5,33,吵
5,34,炒
5,35,彻
5,36,沉
5,37,称
5,38,承
5,39,橙
5,40,池
5,41,尺
5,42,齿
5,43,翅
5,44,冲
5,45,充
5,46,虫
5,47,宠
5,48,抽
5,49,丑
5,50,臭
5,51,触
5,52,传
5,53,创
5,54,辞
5,55,刺
5,56,促
5,57,催
5,58,措
5,59,代
5,60,胆
5,61,旦
5,62,淡
5,63,挡
5,64,档
5,65,蹈
5,66,敌
5,67,蝶
5,68,冻
5,69,洞
5,70,斗
5,71,豆
5,72,独
5,73,堆
5,74,吨
5,75,盾
5,76,躲
5,77,乏
5,78,罚
5,79,番
5,80,繁
5,81,返
5,82,泛
5,83,范
5,84,防
5,85,仿
5,86,访
5,87,肥
5,88,纷
5,89,疯
5,90,扶
5,91,佛
5,92,府
5,93,腐
5,94,妇
5,95,副
5,96,盖
5,97,搞
5,98,革
5,99,隔
5,100,恭
5,101,贡
5,102,沟
5,103,构
5,104,古
5,105,固
5,106,冠
5,107,瑰
5,108,柜
5,109,滚
5,110,锅
5,111,裹
5,112,哈
5,113,含
5,114,憾
5,115,衡
5,116,猴
5,117,胡
5,118,湖
5,119,蝴
5,120,糊
5,121,华
5,122,滑
5,123,缓
5,124,灰
5,125,挥
5,126,恢
5,127,汇
5,128,惠
5,129,慧
5,130,祸
5,131,肌
5,132,疾
5,133,集
5,134,辑
5,135,挤
5,136,迹
5,137,佳
5,138,嘉
5,139,甲
5,140,驾
5,141,架
5,142,艰
5,143,捡
5,144,剪
5,145,荐
5,146,渐
5,147,践
5,148,浆
5,149,浇
5,150,阶
5,151,届
5,152,谨
5,153,敬
5,154,救
5,155,局
5,156,橘
5,157,巨
5,158,捐
5,159,卷
5,160,军
5,161,均
5,162,靠
5,163,颗
5,164,控
5,165,扣
5,166,库
5,167,宽
5,168,款
5,169,狂
5,170,亏
5,171,昆
5,172,扩
5,173,括
5,174,览
5,175,郎
5,176,劳
5,177,姥
5,178,泪
5,179,类
5,180,厘
5,181,梨
5,182,璃
5,183,立
5,184,恋
5,185,良
5,186,粮
5,187,疗
5,188,烈
5,189,临
5,190,灵
5,191,铃
5,192,领
5,193,令
5,194,浏
5,195,龙
5,196,漏
5,197,陆
5,198,录
5,199,碌
5,200,逻
5,201,络
5,202,率
5,203,骂
5,204,矛
5,205,玫
5,206,媒
5,207,魅
5,208,秘
5,209,眠
5,210,描
5,211,敏
5,212,摸
5,213,模
5,214,陌
5,215,漠
5,216,某
5,217,木
5,218,幕
5,219,奈
5,220,念
5,221,浓
5,222,哦
5,223,欧
5,224,派
5,225,培
5,226,赔
5,227,配
5,228,盆
5,229,碰
5,230,匹
5,231,骗
5,232,拼
5,233,凭
5,234,屏
5,235,婆
5,236,齐
5,237,企
5,238,器
5,239,浅
5,240,欠
5,241,墙
5,242,抢
5,243,悄
5,244,茄
5,245,勤
5,246,穷
5,247,曲
5,248,趋
5,249,权
5,250,劝
5,251,群
5,252,燃
5,253,绕
5,254,忍
5,255,荣
5,256,软
5,257,润
5,258,弱
5,259,洒
5,260,傻
5,261,厦
5,262,晒
5,263,删
5,264,扇
5,265,善
5,266,擅
5,267,赏
5,268,蛇
5,269,舍
5,270,设
5,271,伸
5,272,神
5,273,慎
5,274,升
5,275,胜
5,276,诗
5,277,施
5,278,湿
5,279,石
5,280,驶
5,281,似
5,282,势
5,283,饰
5,284,守
5,285,殊
5,286,蔬
5,287,属
5,288,鼠
5,289,述
5,290,摔
5,291,税
5,292,私
5,293,搜
5,294,俗
5,295,肃
5,296,素
5,297,宿
5,298,碎
5,299,损
5,300,缩
5,301,索
5,302,锁
5,303,桃
5,304,替
5,305,挑
5,306,贴
5,307,统
5,308,投
5,309,途
5,310,兔
5,311,团
5,312,退
5,313,拖
5,314,弯
5,315,威
5,316,违
5,317,唯
5,318,维
5,319,伟
5,320,尾
5,321,未
5,322,胃
5,323,慰
5,324,稳
5,325,卧
5,326,握
5,327,伍
5,328,武
5,329,雾
5,330,夕
5,331,析
5,332,席
5,333,闲
5,334,显
5,335,县
5,336,限
5,337,献
5,338,厢
5,339,享
5,340,橡
5,341,销
5,342,肖
5,343,协
5,344,胁
5,345,斜
5,346,欣
5,347,形
5,348,型
5,349,虚
5,350,绪
5,351,宣
5,352,寻
5,353,询
5,354,训
5,355,迅
5,356,押
5,357,鸭
5,358,呀
5,359,延
5,360,沿
5,361,腰
5,362,摇
5,363,咬
5,364,依
5,365,移
5,366,遗
5,367,乙
5,368,亿
5,369,义
5,370,益
5,371,营
5,372,映
5,373,硬
5,374,拥
5,375,悠
5,376,犹
5,377,幼
5,378,余
5,379,娱
5,380,玉
5,381,域
5,382,喻
5,383,寓
5,384,豫
5,385,圆
5,386,源
5,387,怨
5,388,载
5,389,赞
5,390,糟
5,391,造
5,392,赠
5,393,炸
5,394,摘
5,395,窄
5,396,占
5,397,战
5,398,涨
5,399,掌
5,400,召
5,401,哲
5,402,珍
5,403,诊
5,404,阵
5,405,震
5,406,征
5,407,挣
5,408,政
5,409,织
5,410,执
5,411,制
5,412,治
5,413,致
5,414,智
5,415,置
5,416,猪
5,417,竹
5,418,逐
5,419,煮
5,420,筑
5,421,抓
5,422,状
5,423,撞
5,424,追
5,425,咨
5,426,姿
5,427,紫
5,428,综
5,429,阻
5,430,醉
5,431,遵
6,1,碍
6,2,岸
6,3,昂
6,4,拔
6,5,摆
6,6,拜
6,7,榜
6,8,胞
6,9,爆
6,10,悲
6,11,辈
6,12,奔
6,13,逼
6,14,壁
6,15,臂
6,16,编
6,17,兵
6,18,脖
6,19,捕
6,20,财
6,21,踩
6,22,残
6,23,仓
6,24,侧
6,25,策
6,26,柴
6,27,肠
6,28,偿
6,29,畅
6,30,抄
6,31,嘲
6,32,潮
6,33,撤
6,34,臣
6,35,尘
6,36,趁
6,37,撑
6,38,呈
6,39,惩
6,40,崇
6,41,愁
6,42,筹
6,43,储
6,44,串
6,45,闯
6,46,垂
6,47,纯
6,48,瓷
6,49,匆
6,50,醋
6,51,脆
6,52,寸
6,53,挫
6,54,搭
6,55,呆
6,56,贷
6,57,耽
6,58,诞
6,59,岛
6,60,稻
6,61,德
6,62,滴
6,63,抵
6,64,帝
6,65,吊
6,66,钓
6,67,跌
6,68,顶
6,69,栋
6,70,逗
6,71,督
6,72,毒
6,73,渡
6,74,端
6,75,蹲
6,76,夺
6,77,额
6,78,恶
6,79,帆
6,80,凡
6,81,犯
6,82,妨
6,83,肪
6,84,肺
6,85,氛
6,86,粉
6,87,愤
6,88,峰
6,89,蜂
6,90,奉
6,91,浮
6,92,辅
6,93,赋
6,94,覆
6,95,尬
6,96,肝
6,97,尴
6,98,岗
6,99,港
6,100,稿
6,101,割
6,102,攻
6,103,宫
6,104,巩
6,105,孤
6,106,股
6,107,骨
6,108,拐
6,109,官
6,110,贯
6,111,罐
6,112,归
6,113,龟
6,114,轨
6,115,跪
6,116,棍
6,117,涵
6,118,罕
6,119,旱
6,120,毫
6,121,豪
6,122,耗
6,123,核
6,124,嘿
6,125,痕
6,126,狠
6,127,恨
6,128,横
6,129,宏
6,130,虹
6,131,洪
6,132,壶
6,133,幻
6,134,患
6,135,皇
6,136,绘
6,137,混
6,138,惑
6,139,击
6,140,饥
6,141,吉
6,142,寂
6,143,夹
6,144,嫁
6,145,稼
6,146,尖
6,147,肩
6,148,监
6,149,兼
6,150,剑
6,151,鉴
6,152,箭
6,153,酱
6,154,胶
6,155,椒
6,156,焦
6,157,杰
6,158,洁
6,159,捷
6,160,截
6,161,戒
6,162,劲
6,163,井
6,164,颈
6,165,径
6,166,纠
6,167,舅
6,168,菊
6,169,矩
6,170,俱
6,171,惧
6,172,菌
6,173,刊
6,174,砍
6,175,抗
6,176,枯
6,177,酷
6,178,夸
6,179,馈
6,180,阔
6,181,啦
6,182,赖
6,183,兰
6,184,拦
6,185,栏
6,186,烂
6,187,狼
6,188,廊
6,189,朗
6,190,牢
6,191,雷
6,192,粒
6,193,怜
6,194,链
6,195,梁
6,196,晾
6,197,劣
6,198,淋
6,199,笼
6,200,露
6,201,轮
6,202,履
6,203,略
6,204,蚂
6,205,嘛
6,206,埋
6,207,迈
6,208,麦
6,209,盲
6,210,贸
6,211,眉
6,212,梅
6,213,煤
6,214,弥
6,215,蜜
6,216,棉
6,217,勉
6,218,妙
6,219,灭
6,220,摩
6,221,寞
6,222,纳
6,223,泥
6,224,拟
6,225,扭
6,226,怒
6,227,诺
6,228,盼
6,229,庞
6,230,抛
6,231,泡
6,232,佩
6,233,喷
6,234,捧
6,235,披
6,236,疲
6,237,飘
6,238,贫
6,239,坡
6,240,迫
6,241,扑
6,242,朴
6,243,铺
6,244,欺
6,245,棋
6,246,旗
6,247,启
6,248,恰
6,249,牵
6,250,谦
6,251,潜
6,252,枪
6,253,腔
6,254,瞧
6,255,倾
6,256,屈
6,257,渠
6,258,娶
6,259,圈
6,260,券
6,261,壤
6,262,绒
6,263,融
6,264,柔
6,265,撒
6,266,塞
6,267,嗓
6,268,丧
6,269,杀
6,270,刹
6,271,鲨
6,272,筛
6,273,闪
6,274,尚
6,275,舌
6,276,射
6,277,涉
6,278,审
6,279,甥
6,280,盛
6,281,狮
6,282,寿
6,283,薯
6,284,竖
6,285,漱
6,286,衰
6,287,瞬
6,288,艘
6,289,塔
6,290,踏
6,291,汰
6,292,坛
6,293,探
6,294,碳
6,295,烫
6,296,掏
6,297,逃
6,298,淘
6,299,添
6,300,田
6,301,铜
6,302,筒
6,303,偷
6,304,透
6,305,徒
6,306,吐
6,307,吞
6,308,托
6,309,挖
6,310,娃
6,311,哇
6,312,歪
6,313,顽
6,314,亡
6,315,王
6,316,委
6,317,谓
6,318,沃
6,319,乌
6,320,晰
6,321,媳
6,322,吓
6,323,嫌
6,324,陷
6,325,祥
6,326,宵
6,327,歇
6,328,谐
6,329,携
6,330,械
6,331,薪
6,332,胸
6,333,雄
6,334,袖
6,335,叙
6,336,蓄
6,337,旋
6,338,旬
6,339,循
6,340,讯
6,341,讶
6,342,淹
6,343,炎
6,344,艳
6,345,宴
6,346,央
6,347,仰
6,348,氧
6,349,痒
6,350,遥
6,351,野
6,352,液
6,353,仪
6,354,蚁
6,355,异
6,356,抑
6,357,疫
6,358,姻
6,359,隐
6,360,英
6,361,婴
6,362,颖
6,363,涌
6,364,忧
6,365,予
6,366,浴
6,367,欲
6,368,裕
6,369,誉
6,370,援
6,371,跃
6,372,晕
6,373,匀
6,374,孕
6,375,灾
6,376,遭
6,377,噪
6,378,燥
6,379,扎
6,380,宅
6,381,粘
6,382,崭
6,383,仗
6,384,障
6,385,枕
6,386,镇
6,387,睁
6,388,症
6,389,枝
6,390,脂
6,391,侄
6,392,殖
6,393,秩
6,394,肿
6,395,州
6,396,粥
6,397,骤
6,398,珠
6,399,株
6,400,诸
6,401,砖
6,402,妆
6,403,庄
6,404,壮
6,405,椎
6,406,捉
6,407,棕
6,408,踪
6,409,粽
6,410,奏
6,411,祖
6,412,钻
6,413,罪
7-9,1,哀
7-9,2,挨
7-9,3,癌
7-9,4,蔼
7-9,5,艾
7-9,6,隘
7-9,7,暧
7-9,8,凹
7-9,9,奥
7-9,10,扒
7-9,11,叭
7-9,12,芭
7-9,13,疤
7-9,14,靶
7-9,15,坝
7-9,16,罢
7-9,17,霸
7-9,18,掰
7-9,19,柏
7-9,20,扳
7-9,21,颁
7-9,22,斑
7-9,23,拌
7-9,24,绊
7-9,25,瓣
7-9,26,绑
7-9,27,谤
7-9,28,磅
7-9,29,煲
7-9,30,褒
7-9,31,雹
7-9,32,堡
7-9,33,豹
7-9,34,卑
7-9,35,碑
7-9,36,狈
7-9,37,惫
7-9,38,焙
7-9,39,崩
7-9,40,绷
7-9,41,迸
7-9,42,蹦
7-9,43,鄙
7-9,44,庇
7-9,45,毙
7-9,46,痹
7-9,47,碧
7-9,48,蔽
7-9,49,弊
7-9,50,鞭
7-9,51,贬
7-9,52,扁
7-9,53,辨
7-9,54,辩
7-9,55,辫
7-9,56,飙
7-9,57,憋
7-9,58,彬
7-9,59,滨
7-9,60,缤
7-9,61,濒
7-9,62,丙
7-9,63,秉
7-9,64,柄
7-9,65,波
7-9,66,剥
7-9,67,伯
7-9,68,驳
7-9,69,勃
7-9,70,舶
7-9,71,搏
7-9,72,簸
7-9,73,卜
7-9,74,哺
7-9,75,怖
7-9,76,睬
7-9,77,惭
7-9,78,惨
7-9,79,灿
7-9,80,璨
7-9,81,苍
7-9,82,沧
7-9,83,舱
7-9,84,糙
7-9,85,嘈
7-9,86,槽
7-9,87,蹭
7-9,88,岔
7-9,89,诧
7-9,90,掺
7-9,91,搀
7-9,92,馋
7-9,93,禅
7-9,94,缠
7-9,95,铲
7-9,96,阐
7-9,97,颤
7-9,98,昌
7-9,99,猖
7-9,100,敞
7-9,101,钞
7-9,102,巢
7-9,103,扯
7-9,104,澈
7-9,105,辰
7-9,106,陈
7-9,107,澄
7-9,108,逞
7-9,109,秤
7-9,110,痴
7-9,111,弛
7-9,112,驰
7-9,113,侈
7-9,114,耻
7-9,115,斥
7-9,116,赤
7-9,117,憧
7-9,118,仇
7-9,119,绸
7-9,120,畴
7-9,121,酬
7-9,122,稠
7-9,123,瞅
7-9,124,锄
7-9,125,橱
7-9,126,畜
7-9,127,矗
7-9,128,揣
7-9,129,踹
7-9,130,川
7-9,131,喘
7-9,132,幢
7-9,133,炊
7-9,134,捶
7-9,135,锤
7-9,136,唇
7-9,137,淳
7-9,138,醇
7-9,139,蠢
7-9,140,戳
7-9,141,绰
7-9,142,疵
7-9,143,慈
7-9,144,磁
7-9,145,雌
7-9,146,伺
7-9,147,赐
7-9,148,囱
7-9,149,葱
7-9,150,丛
7-9,151,凑
7-9,152,簇
7-9,153,窜
7-9,154,摧
7-9,155,璀
7-9,156,悴
7-9,157,粹
7-9,158,翠
7-9,159,搓
7-9,160,磋
7-9,161,瘩
7-9,162,歹
7-9,163,逮
7-9,164,怠
7-9,165,丹
7-9,166,惮
7-9,167,党
7-9,168,荡
7-9,169,叨
7-9,170,捣
7-9,171,祷
7-9,172,盗
7-9,173,悼
7-9,174,蹬
7-9,175,凳
7-9,176,瞪
7-9,177,堤
7-9,178,迪
7-9,179,涤
7-9,180,笛
7-9,181,嘀
7-9,182,蒂
7-9,183,缔
7-9,184,颠
7-9,185,巅
7-9,186,甸
7-9,187,垫
7-9,188,淀
7-9,189,惦
7-9,190,奠
7-9,191,殿
7-9,192,刁
7-9,193,叼
7-9,194,凋
7-9,195,雕
7-9,196,爹
7-9,197,迭
7-9,198,谍
7-9,199,叠
7-9,200,碟
7-9,201,丁
7-9,202,叮
7-9,203,盯
7-9,204,钉
7-9,205,鼎
7-9,206,董
7-9,207,兜
7-9,208,抖
7-9,209,陡
7-9,210,赌
7-9,211,睹
7-9,212,杜
7-9,213,妒
7-9,214,兑
7-9,215,敦
7-9,216,盹
7-9,217,炖
7-9,218,钝
7-9,219,哆
7-9,220,舵
7-9,221,堕
7-9,222,惰
7-9,223,讹
7-9,224,鹅
7-9,225,厄
7-9,226,遏
7-9,227,噩
7-9,228,鳄
7-9,229,恩
7-9,230,饵
7-9,231,伐
7-9,232,阀
7-9,233,贩
7-9,234,坊
7-9,235,芳
7-9,236,纺
7-9,237,绯
7-9,238,匪
7-9,239,诽
7-9,240,废
7-9,241,沸
7-9,242,芬
7-9,243,吩
7-9,244,坟
7-9,245,焚
7-9,246,粪
7-9,247,锋
7-9,248,逢
7-9,249,讽
7-9,250,凤
7-9,251,缝
7-9,252,孵
7-9,253,敷
7-9,254,伏
7-9,255,俘
7-9,256,袱
7-9,257,辐
7-9,258,抚
7-9,259,斧
7-9,260,俯
7-9,261,咐
7-9,262,赴
7-9,263,腹
7-9,264,缚
7-9,265,丐
7-9,266,钙
7-9,267,溉
7-9,268,甘
7-9,269,杆
7-9,270,竿
7-9,271,纲
7-9,272,缸
7-9,273,杠
7-9,274,戈
7-9,275,疙
7-9,276,鸽
7-9,277,搁
7-9,278,阁
7-9,279,骼
7-9,280,耕
7-9,281,耿
7-9,282,哽
7-9,283,弓
7-9,284,躬
7-9,285,拱
7-9,286,勾
7-9,287,钩
7-9,288,苟
7-9,289,咕
7-9,290,菇
7-9,291,辜
7-9,292,谷
7-9,293,雇
7-9,294,寡
7-9,295,卦
7-9,296,乖
7-9,297,棺
7-9,298,灌
7-9,299,闺
7-9,300,诡
7-9,301,鬼
7-9,302,桂
7-9,303,骇
7-9,304,酣
7-9,305,憨
7-9,306,函
7-9,307,捍
7-9,308,撼
7-9,309,瀚
7-9,310,夯
7-9,311,浩
7-9,312,呵
7-9,313,禾
7-9,314,阂
7-9,315,荷
7-9,316,赫
7-9,317,鹤
7-9,318,哼
7-9,319,恒
7-9,320,轰
7-9,321,哄
7-9,322,烘
7-9,323,弘
7-9,324,喉
7-9,325,吼
7-9,326,狐
7-9,327,唬
7-9,328,哗
7-9,329,猾
7-9,330,徊
7-9,331,槐
7-9,332,唤
7-9,333,焕
7-9,334,痪
7-9,335,荒
7-9,336,慌
7-9,337,凰
7-9,338,煌
7-9,339,恍
7-9,340,晃
7-9,341,谎
7-9,342,辉
7-9,343,徽
7-9,344,毁
7-9,345,卉
7-9,346,讳
7-9,347,贿
7-9,348,秽
7-9,349,昏
7-9,350,荤
7-9,351,浑
7-9,352,魂
7-9,353,豁
7-9,354,霍
7-9,355,讥
7-9,356,缉
7-9,357,畸
7-9,358,稽
7-9,359,汲
7-9,360,棘
7-9,361,嫉
7-9,362,脊
7-9,363,忌
7-9,364,剂
7-9,365,祭
7-9,366,暨
7-9,367,颊
7-9,368,贾
7-9,369,奸
7-9,370,歼
7-9,371,煎
7-9,372,拣
7-9,373,柬
7-9,374,俭
7-9,375,贱
7-9,376,舰
7-9,377,溅
7-9,378,姜
7-9,379,僵
7-9,380,疆
7-9,381,桨
7-9,382,匠
7-9,383,娇
7-9,384,跤
7-9,385,礁
7-9,386,侥
7-9,387,狡
7-9,388,绞
7-9,389,矫
7-9,390,搅
7-9,391,缴
7-9,392,轿
7-9,393,酵
7-9,394,皆
7-9,395,揭
7-9,396,劫
7-9,397,竭
7-9,398,诫
7-9,399,津
7-9,400,筋
7-9,401,锦
7-9,402,晋
7-9,403,浸
7-9,404,茎
7-9,405,荆
7-9,406,晶
7-9,407,兢
7-9,408,鲸
7-9,409,阱
7-9,410,憬
7-9,411,窘
7-9,412,揪
7-9,413,灸
7-9,414,拘
7-9,415,鞠
7-9,416,咀
7-9,417,沮
7-9,418,炬
7-9,419,倦
7-9,420,诀
7-9,421,抉
7-9,422,倔
7-9,423,掘
7-9,424,崛
7-9,425,嚼
7-9,426,君
7-9,427,钧
7-9,428,俊
7-9,429,峻
7-9,430,骏
7-9,431,竣
7-9,432,凯
7-9,433,慨
7-9,434,楷
7-9,435,勘
7-9,436,堪
7-9,437,坎
7-9,438,侃
7-9,439,槛
7-9,440,慷
7-9,441,扛
7-9,442,苛
7-9,443,磕
7-9,444,壳
7-9,445,坷
7-9,446,垦
7-9,447,恳
7-9,448,啃
7-9,449,坑
7-9,450,吭
7-9,451,孔
7-9,452,抠
7-9,453,窟
7-9,454,垮
7-9,455,挎
7-9,456,跨
7-9,457,筐
7-9,458,旷
7-9,459,框
7-9,460,眶
7-9,461,窥
7-9,462,魁
7-9,463,溃
7-9,464,愧
7-9,465,捆
7-9,466,廓
7-9,467,喇
7-9,468,腊
7-9,469,蜡
7-9,470,睐
7-9,471,婪
7-9,472,澜
7-9,473,揽
7-9,474,缆
7-9,475,滥
7-9,476,捞
7-9,477,唠
7-9,478,涝
7-9,479,酪
7-9,480,勒
7-9,481,垒
7-9,482,磊
7-9,483,蕾
7-9,484,棱
7-9,485,愣
7-9,486,狸
7-9,487,黎
7-9,488,鲤
7-9,489,吏
7-9,490,隶
7-9,491,莉
7-9,492,莅
7-9,493,帘
7-9,494,莲
7-9,495,廉
7-9,496,敛
7-9,497,辽
7-9,498,僚
7-9,499,寥
7-9,500,潦
7-9,501,咧
7-9,502,猎
7-9,503,裂
7-9,504,拎
7-9,505,麟
7-9,506,吝
7-9,507,赁
7-9,508,陵
7-9,509,聆
7-9,510,岭
7-9,511,溜
7-9,512,瘤
7-9,513,柳
7-9,514,遛
7-9,515,咙
7-9,516,胧
7-9,517,聋
7-9,518,隆
7-9,519,窿
7-9,520,拢
7-9,521,垄
7-9,522,搂
7-9,523,陋
7-9,524,炉
7-9,525,卤
7-9,526,虏
7-9,527,鲁
7-9,528,赂
7-9,529,鹿
7-9,530,孪
7-9,531,卵
7-9,532,抡
7-9,533,伦
7-9,534,啰
7-9,535,罗
7-9,536,萝
7-9,537,螺
7-9,538,裸
7-9,539,侣
7-9,540,屡
7-9,541,缕
7-9,542,滤
7-9,543,掠
7-9,544,脉
7-9,545,蛮
7-9,546,瞒
7-9,547,蔓
7-9,548,芒
7-9,549,氓
7-9,550,茫
7-9,551,莽
7-9,552,髦
7-9,553,茂
7-9,554,枚
7-9,555,霉
7-9,556,昧
7-9,557,寐
7-9,558,媚
7-9,559,闷
7-9,560,萌
7-9,561,蒙
7-9,562,盟
7-9,563,朦
7-9,564,猛
7-9,565,眯
7-9,566,谜
7-9,567,觅
7-9,568,泌
7-9,569,绵
7-9,570,缅
7-9,571,腼
7-9,572,苗
7-9,573,瞄
7-9,574,渺
7-9,575,藐
7-9,576,庙
7-9,577,蔑
7-9,578,鸣
7-9,579,铭
7-9,580,谬
7-9,581,膜
7-9,582,磨
7-9,583,蘑
7-9,584,魔
7-9,585,抹
7-9,586,茉
7-9,587,沫
7-9,588,莫
7-9,589,墨
7-9,590,谋
7-9,591,牡
7-9,592,亩
7-9,593,拇
7-9,594,姆
7-9,595,沐
7-9,596,牧
7-9,597,募
7-9,598,墓
7-9,599,睦
7-9,600,暮
7-9,601,呐
7-9,602,乃
7-9,603,囊
7-9,604,挠
7-9,605,馁
7-9,606,嫩
7-9,607,逆
7-9,608,匿
7-9,609,腻
7-9,610,溺
7-9,611,黏
7-9,612,撵
7-9,613,酿
7-9,614,尿
7-9,615,捏
7-9,616,宁
7-9,617,拧
7-9,618,凝
7-9,619,泞
7-9,620,纽
7-9,621,钮
7-9,622,奴
7-9,623,虐
7-9,624,挪
7-9,625,殴
7-9,626,呕
7-9,627,趴
7-9,628,帕
7-9,629,徘
7-9,630,湃
7-9,631,攀
7-9,632,叛
7-9,633,畔
7-9,634,螃
7-9,635,刨
7-9,636,袍
7-9,637,炮
7-9,638,胚
7-9,639,沛
7-9,640,抨
7-9,641,烹
7-9,642,棚
7-9,643,蓬
7-9,644,鹏
7-9,645,澎
7-9,646,篷
7-9,647,膨
7-9,648,劈
7-9,649,屁
7-9,650,辟
7-9,651,媲
7-9,652,僻
7-9,653,譬
7-9,654,偏
7-9,655,撇
7-9,656,坪
7-9,657,萍
7-9,658,泊
7-9,659,颇
7-9,660,粕
7-9,661,魄
7-9,662,剖
7-9,663,仆
7-9,664,菩
7-9,665,谱
7-9,666,瀑
7-9,667,曝
7-9,668,沏
7-9,669,栖
7-9,670,凄
7-9,671,漆
7-9,672,蹊
7-9,673,歧
7-9,674,祈
7-9,675,崎
7-9,676,乞
7-9,677,岂
7-9,678,迄
7-9,679,泣
7-9,680,契
7-9,681,砌
7-9,682,掐
7-9,683,洽
7-9,684,迁
7-9,685,虔
7-9,686,遣
7-9,687,谴
7-9,688,嵌
7-9,689,呛
7-9,690,跷
7-9,691,侨
7-9,692,憔
7-9,693,俏
7-9,694,峭
7-9,695,窍
7-9,696,翘
7-9,697,撬
7-9,698,怯
7-9,699,窃
7-9,700,惬
7-9,701,锲
7-9,702,钦
7-9,703,侵
7-9,704,禽
7-9,705,寝
7-9,706,擎
7-9,707,顷
7-9,708,丘
7-9,709,囚
7-9,710,岖
7-9,711,驱
7-9,712,躯
7-9,713,诠
7-9,714,拳
7-9,715,犬
7-9,716,瘸
7-9,717,雀
7-9,718,攘
7-9,719,嚷
7-9,720,饶
7-9,721,惹
7-9,722,仁
7-9,723,韧
7-9,724,饪
7-9,725,溶
7-9,726,冗
7-9,727,揉
7-9,728,乳
7-9,729,辱
7-9,730,锐
7-9,731,瑞
7-9,732,若
7-9,733,萨
7-9,734,桑
7-9,735,骚
7-9,736,嫂
7-9,737,涩
7-9,738,啬
7-9,739,僧
7-9,740,纱
7-9,741,煽
7-9,742,膳
7-9,743,赡
7-9,744,裳
7-9,745,捎
7-9,746,梢
7-9,747,哨
7-9,748,奢
7-9,749,慑
7-9,750,呻
7-9,751,绅
7-9,752,肾
7-9,753,渗
7-9,754,牲
7-9,755,绳
7-9,756,圣
7-9,757,尸
7-9,758,蚀
7-9,759,矢
7-9,760,屎
7-9,761,侍
7-9,762,逝
7-9,763,嗜
7-9,764,誓
7-9,765,兽
7-9,766,抒
7-9,767,枢
7-9,768,梳
7-9,769,疏
7-9,770,赎
7-9,771,署
7-9,772,曙
7-9,773,恕
7-9,774,墅
7-9,775,耍
7-9,776,甩
7-9,777,拴
7-9,778,涮
7-9,779,霜
7-9,780,爽
7-9,781,烁
7-9,782,丝
7-9,783,撕
7-9,784,寺
7-9,785,祀
7-9,786,饲
7-9,787,肆
7-9,788,怂
7-9,789,耸
7-9,790,讼
7-9,791,诵
7-9,792,颂
7-9,793,苏
7-9,794,酥
7-9,795,溯
7-9,796,蒜
7-9,797,髓
7-9,798,隧
7-9,799,邃
7-9,800,唆
7-9,801,梭
7-9,802,嗦
7-9,803,琐
7-9,804,塌
7-9,805,拓
7-9,806,蹋
7-9,807,胎
7-9,808,泰
7-9,809,贪
7-9,810,摊
7-9,811,滩
7-9,812,瘫
7-9,813,痰
7-9,814,潭
7-9,815,坦
7-9,816,毯
7-9,817,叹
7-9,818,炭
7-9,819,唐
7-9,820,塘
7-9,821,膛
7-9,822,倘
7-9,823,淌
7-9,824,涛
7-9,825,滔
7-9,826,陶
7-9,827,腾
7-9,828,藤
7-9,829,剔
7-9,830,屉
7-9,831,剃
7-9,832,涕
7-9,833,惕
7-9,834,嚏
7-9,835,腆
7-9,836,舔
7-9,837,眺
7-9,838,帖
7-9,839,廷
7-9,840,亭
7-9,841,艇
7-9,842,捅
7-9,843,凸
7-9,844,秃
7-9,845,涂
7-9,846,屠
7-9,847,颓
7-9,848,豚
7-9,849,臀
7-9,850,驮
7-9,851,妥
7-9,852,椭
7-9,853,唾
7-9,854,蛙
7-9,855,瓦
7-9,856,湾
7-9,857,丸
7-9,858,挽
7-9,859,惋
7-9,860,婉
7-9,861,腕
7-9,862,汪
7-9,863,枉
7-9,864,妄
7-9,865,旺
7-9,866,帷
7-9,867,伪
7-9,868,纬
7-9,869,萎
7-9,870,畏
7-9,871,蔚
7-9,872,瘟
7-9,873,纹
7-9,874,蚊
7-9,875,吻
7-9,876,紊
7-9,877,翁
7-9,878,涡
7-9,879,窝
7-9,880,幄
7-9,881,呜
7-9,882,诬
7-9,883,侮
7-9,884,捂
7-9,885,兀
7-9,886,勿
7-9,887,悟
7-9,888,晤
7-9,889,昔
7-9,890,牺
7-9,891,奚
7-9,892,稀
7-9,893,犀
7-9,894,锡
7-9,895,溪
7-9,896,熙
7-9,897,熄
7-9,898,膝
7-9,899,嬉
7-9,900,袭
7-9,901,徙
7-9,902,隙
7-9,903,虾
7-9,904,瞎
7-9,905,侠
7-9,906,峡
7-9,907,狭
7-9,908,瑕
7-9,909,辖
7-9,910,霞
7-9,911,仙
7-9,912,纤
7-9,913,掀
7-9,914,贤
7-9,915,弦
7-9,916,衔
7-9,917,宪
7-9,918,馅
7-9,919,镶
7-9,920,翔
7-9,921,巷
7-9,922,萧
7-9,923,潇
7-9,924,嚣
7-9,925,淆
7-9,926,晓
7-9,927,孝
7-9,928,啸
7-9,929,邪
7-9,930,挟
7-9,931,泄
7-9,932,泻
7-9,933,卸
7-9,934,屑
7-9,935,懈
7-9,936,蟹
7-9,937,芯
7-9,938,馨
7-9,939,衅
7-9,940,猩
7-9,941,腥
7-9,942,刑
7-9,943,凶
7-9,944,汹
7-9,945,朽
7-9,946,绣
7-9,947,锈
7-9,948,嗅
7-9,949,吁
7-9,950,墟
7-9,951,徐
7-9,952,旭
7-9,953,恤
7-9,954,酗
7-9,955,絮
7-9,956,婿
7-9,957,喧
7-9,958,暄
7-9,959,玄
7-9,960,悬
7-9,961,炫
7-9,962,削
7-9,963,靴
7-9,964,穴
7-9,965,勋
7-9,966,熏
7-9,967,巡
7-9,968,汛
7-9,969,驯
7-9,970,逊
7-9,971,丫
7-9,972,鸦
7-9,973,芽
7-9,974,崖
7-9,975,涯
7-9,976,哑
7-9,977,雅
7-9,978,揠
7-9,979,岩
7-9,980,阎
7-9,981,檐
7-9,982,衍
7-9,983,掩
7-9,984,咽
7-9,985,雁
7-9,986,焰
7-9,987,燕
7-9,988,殃
7-9,989,秧
7-9,990,杨
7-9,991,漾
7-9,992,妖
7-9,993,肴
7-9,994,窑
7-9,995,谣
7-9,996,耀
7-9,997,椰
7-9,998,冶
7-9,999,夷
7-9,1000,怡
7-9,1001,矣
7-9,1002,倚
7-9,1003,屹
7-9,1004,亦
7-9,1005,役
7-9,1006,绎
7-9,1007,弈
7-9,1008,逸
7-9,1009,裔
7-9,1010,溢
7-9,1011,毅
7-9,1012,翼
7-9,1013,荫
7-9,1014,殷
7-9,1015,吟
7-9,1016,瘾
7-9,1017,鹰
7-9,1018,荧
7-9,1019,盈
7-9,1020,莹
7-9,1021,蝇
7-9,1022,佣
7-9,1023,庸
7-9,1024,恿
7-9,1025,踊
7-9,1026,佑
7-9,1027,诱
7-9,1028,淤
7-9,1029,渔
7-9,1030,逾
7-9,1031,愚
7-9,1032,舆
7-9,1033,屿
7-9,1034,宇
7-9,1035,驭
7-9,1036,郁
7-9,1037,狱
7-9,1038,御
7-9,1039,愈
7-9,1040,冤
7-9,1041,渊
7-9,1042,缘
7-9,1043,辕
7-9,1044,曰
7-9,1045,岳
7-9,1046,悦
7-9,1047,耘
7-9,1048,陨
7-9,1049,酝
7-9,1050,韵
7-9,1051,蕴
7-9,1052,熨
7-9,1053,砸
7-9,1054,栽
7-9,1055,宰
7-9,1056,攒
7-9,1057,赃
7-9,1058,葬
7-9,1059,凿
7-9,1060,枣
7-9,1061,藻
7-9,1062,皂
7-9,1063,灶
7-9,1064,躁
7-9,1065,泽
7-9,1066,贼
7-9,1067,渣
7-9,1068,闸
7-9,1069,眨
7-9,1070,诈
7-9,1071,榨
7-9,1072,债
7-9,1073,寨
7-9,1074,沾
7-9,1075,瞻
7-9,1076,斩
7-9,1077,盏
7-9,1078,辗
7-9,1079,绽
7-9,1080,湛
7-9,1081,蘸
7-9,1082,彰
7-9,1083,杖
7-9,1084,帐
7-9,1085,胀
7-9,1086,爪
7-9,1087,沼
7-9,1088,兆
7-9,1089,罩
7-9,1090,肇
7-9,1091,遮
7-9,1092,辙
7-9,1093,贞
7-9,1094,侦
7-9,1095,斟
7-9,1096,振
7-9,1097,筝
7-9,1098,蒸
7-9,1099,拯
7-9,1100,郑
7-9,1101,芝
7-9,1102,肢
7-9,1103,旨
7-9,1104,帜
7-9,1105,峙
7-9,1106,挚
7-9,1107,掷
7-9,1108,窒
7-9,1109,滞
7-9,1110,稚
7-9,1111,忠
7-9,1112,衷
7-9,1113,仲
7-9,1114,舟
7-9,1115,轴
7-9,1116,帚
7-9,1117,宙
7-9,1118,昼
7-9,1119,皱
7-9,1120,朱
7-9,1121,烛
7-9,1122,拄
7-9,1123,嘱
7-9,1124,瞩
7-9,1125,贮
7-9,1126,驻
7-9,1127,柱
7-9,1128,蛀
7-9,1129,铸
7-9,1130,拽
7-9,1131,撰
7-9,1132,桩
7-9,1133,坠
7-9,1134,缀
7-9,1135,赘
7-9,1136,拙
7-9,1137,灼
7-9,1138,茁
7-9,1139,卓
7-9,1140,浊
7-9,1141,酌
7-9,1142,兹
7-9,1143,滋
7-9,1144,籽
7-9,1145,宗
7-9,1146,纵
7-9,1147,揍
7-9,1148,琢
